{"cameraMode":{"drawMode":0,"name":"Shaded","section":"Shading Mode"},"sceneLighting":true,"audioPlay":false,"sceneViewState":{"m_AlwaysRefresh":false,"showFog":true,"showSkybox":true,"showFlares":true,"showImageEffects":true,"showParticleSystems":true,"showVisualEffectGraphs":true,"m_FxEnabled":true},"in2DMode":false,"pivot":{"x":-4.968199729919434,"y":10.442522048950196,"z":-17.454904556274415},"rotation":{"x":-0.2860994040966034,"y":-0.07249993830919266,"z":0.022403480485081674,"w":-0.9553859829902649},"size":1.4849170446395875,"orthographic":false}